[
    {
      "title": "Utsu-P - MiKUSABBATH [2020mix]",
      "url": "https://www.youtube.com/embed/y8nKlSIuAOY",
      "description": "An absolute banger from Utsu-P.\r\n\r\nGenre - Vocaloid Metal"
    },
    {
      "title": "Utsu-P / P-PANDA feat. 重音テト",
      "url": "https://www.youtube.com/embed/u23dRaQfzlw",
      "description": "One of Utsu-Ps more recent uploads, this time featuring Kasane Teto SV.\r\n\r\nGenre - Utauloid - Metal / Rock"
    },
    {
      "title": "Utsu-P / P-PANDA feat. 重音テト",
      "url": "https://www.youtube.com/embed/u23dRaQfzlw",
      "description": "One of Utsu-Ps more recent uploads, this time featuring Kasane Teto SV.\r\n\r\nGenre - Utauloid - Metal / Rock"
    },
    {
      "title": "Utsu-P / P-PANDA feat. 重音テト",
      "url": "https://www.youtube.com/embed/u23dRaQfzlw",
      "description": "One of Utsu-Ps more recent uploads, this time featuring Kasane Teto SV.\r\n\r\nGenre - Utauloid - Metal / Rock"
    }
  ]